{"duration": 24.068999999999999, "distance": 3.8754280225909663, "rotation": 198.56387587855554}
{"duration": 27.849, "distance": 4.0135942649371605, "rotation": 326.79001311876152}
{"duration": 22.667000000000002, "distance": 4.0432551437224369, "rotation": 337.26309368242534}
{"duration": 26.141999999999999, "distance": 3.8155541586831299, "rotation": 399.69798589733034}
{"duration": 23.558, "distance": 3.870715402996407, "rotation": 353.0133116135371}
{"duration": 22.0, "distance": 3.9218470323779977, "rotation": 340.17075919535671}
{"duration": 27.317, "distance": 3.7727290186674756, "rotation": 390.2183167145763}
{"duration": 27.818000000000001, "distance": 4.0119390296523196, "rotation": 330.83792028380577}
{"duration": 24.119, "distance": 3.8725031076853056, "rotation": 339.99494244560316}
{"duration": 27.132999999999999, "distance": 3.8302629625539604, "rotation": 322.21695616527182}
