{"duration": 26.600000000000001, "distance": 3.7154038075801443, "rotation": 260.73795725366483}
{"duration": 25.544, "distance": 3.7021266206090502, "rotation": 385.30603085680212}
{"duration": 21.734000000000002, "distance": 3.7276277557688529, "rotation": 264.26539388930223}
{"duration": 21.911000000000001, "distance": 3.8640874423133629, "rotation": 337.27125806004204}
{"duration": 21.965, "distance": 3.7868767574539, "rotation": 269.59655258717862}
{"duration": 21.777999999999999, "distance": 3.7490313430532551, "rotation": 279.20595957121873}
{"duration": 22.035, "distance": 3.8362527512021338, "rotation": 348.97243002439296}
{"duration": 21.533000000000001, "distance": 3.7075623942350986, "rotation": 269.47745459561895}
{"duration": 30.228999999999999, "distance": 3.7433683529491808, "rotation": 371.90332104335681}
{"duration": 21.545999999999999, "distance": 3.8075143054470866, "rotation": 346.4350702481878}
{"duration": 30.388000000000002, "distance": 3.3128099774041511, "rotation": 309.24075761809803}
{"duration": 24.329999999999998, "distance": 3.9300970238741151, "rotation": 333.23866591725226}
{"duration": 27.576000000000001, "distance": 4.0345999014517364, "rotation": 285.87240366008189}
{"duration": 25.436, "distance": 3.8349278566865084, "rotation": 309.50992533217965}
{"duration": 26.105, "distance": 3.7463952611134714, "rotation": 370.28261720335172}
{"duration": 21.413, "distance": 3.8050918125825763, "rotation": 335.65652875100898}
{"duration": 21.468, "distance": 3.7686590445271904, "rotation": 335.4233272696938}
{"duration": 31.161000000000001, "distance": 3.6711436738183036, "rotation": 395.30743009295861}
{"duration": 29.097999999999999, "distance": 3.7503700424206223, "rotation": 394.21438362316491}
{"duration": 33.302999999999997, "distance": 3.8631601181161801, "rotation": 431.76966867461095}
{"duration": 26.059000000000001, "distance": 3.8026868023298235, "rotation": 337.72712841175996}
{"duration": 25.344999999999999, "distance": 3.8611235420733623, "rotation": 353.33744321445289}
{"duration": 23.890000000000001, "distance": 3.734024214251344, "rotation": 265.93313986183858}
{"duration": 22.148, "distance": 3.8068184935609399, "rotation": 268.20245899516357}
{"duration": 29.984000000000002, "distance": 3.8156348587782616, "rotation": 320.42131443117421}
{"duration": 29.776, "distance": 3.7768975797270388, "rotation": 426.74234552818348}
{"duration": 30.824000000000002, "distance": 3.8201611208311985, "rotation": 439.17561745314759}
