{"duration": 55.505000000000003, "distance": 4.7685868069099415, "rotation": 580.0597435113674}
{"duration": 44.366999999999997, "distance": 4.8016223812843775, "rotation": 526.2128674932485}
{"duration": 81.135000000000005, "distance": 4.5851023381563722, "rotation": 627.36441895479311}
{"duration": 98.957999999999998, "distance": 4.5729129017348606, "rotation": 560.51414430526654}
{"duration": 54.871000000000002, "distance": 4.4596939659373991, "rotation": 565.74007840449315}
{"duration": 128.38200000000001, "distance": 5.0609503395655917, "rotation": 1166.3615182966812}
{"duration": 86.215999999999994, "distance": 4.5737125358889754, "rotation": 756.44731598437545}
{"duration": 113.312, "distance": 4.629744820357419, "rotation": 1159.192018044906}
{"duration": 61.912999999999997, "distance": 4.7442756472900429, "rotation": 390.9227121673469}
{"duration": 62.344999999999999, "distance": 4.2696667405680007, "rotation": 632.67419020807722}
